C/B,D/B,m,λ,μ,γB/su0s,σi/su0s
1,0.5,0,0.5,0.5,1,-0.327987411
2,0.5,0,0.5,0.5,1,-0.098113895
3,0.5,0,0.5,0.5,1,0.362250009
4,0.5,0,0.5,0.5,1,0.960045852
5,0.5,0,0.5,0.5,1,1.688113931
1,0.5,0,0.5,0.75,1,-0.888425195
2,0.5,0,0.5,0.75,1,-0.769176648
3,0.5,0,0.5,0.75,1,-0.387246848
4,0.5,0,0.5,0.75,1,0.189822061
5,0.5,0,0.5,0.75,1,0.894743023
1,0.5,0,0.5,1,1,-1.301157697
2,0.5,0,0.5,1,1,-1.287759879
3,0.5,0,0.5,1,1,-0.969275301
4,0.5,0,0.5,1,1,-0.431262393
5,0.5,0,0.5,1,1,0.222197269
1,0.5,0,0.75,0.75,1,-0.821328064
2,0.5,0,0.75,0.75,1,-0.731606007
3,0.5,0,0.75,0.75,1,-0.39159845
4,0.5,0,0.75,0.75,1,0.104701254
5,0.5,0,0.75,0.75,1,0.766284947
1,0.5,0,0.75,1,1,-1.270930772
2,0.5,0,0.75,1,1,-1.305236244
3,0.5,0,0.75,1,1,-1.049731375
4,0.5,0,0.75,1,1,-0.582654779
5,0.5,0,0.75,1,1,0.045668286
1,0.5,0,1,0.5,1,-0.233564189
2,0.5,0,1,0.5,1,-2.96943E-05
3,0.5,0,1,0.5,1,0.433511816
4,0.5,0,1,0.5,1,1.00090232
5,0.5,0,1,0.5,1,1.661245496
1,0.5,0,1,1,1,-1.268391168
2,0.5,0,1,1,1,-1.350940564
3,0.5,0,1,1,1,-1.144632326
4,0.5,0,1,1,1,-0.755697367
5,0.5,0,1,1,1,-0.170251766
1,0.5,0,1,1.25,1,-1.672315335
2,0.5,0,1,1.25,1,-1.876187405
3,0.5,0,1,1.25,1,-1.754302113
4,0.5,0,1,1.25,1,-1.398804902
5,0.5,0,1,1.25,1,-0.848801122
1,0.5,0,1.25,0.5,1,-0.230586298
2,0.5,0,1.25,0.5,1,-0.001424977
3,0.5,0,1.25,0.5,1,0.427531369
4,0.5,0,1.25,0.5,1,0.987935129
5,0.5,0,1.25,0.5,1,1.636521044
1,0.5,0,1.25,1,1,-1.280451337
2,0.5,0,1.25,1,1,-1.402166283
3,0.5,0,1.25,1,1,-1.243628513
4,0.5,0,1.25,1,1,-0.897688724
5,0.5,0,1.25,1,1,-0.386823074
1,0.5,0,1.25,1.25,1,-1.708090397
2,0.5,0,1.25,1.25,1,-1.973154403
3,0.5,0,1.25,1.25,1,-1.911865489
4,0.5,0,1.25,1.25,1,-1.632345839
5,0.5,0,1.25,1.25,1,-1.126760008
1,0.5,0,1.5,0.5,1,-0.237121762
2,0.5,0,1.5,0.5,1,-0.016212193
3,0.5,0,1.5,0.5,1,0.409511182
4,0.5,0,1.5,0.5,1,0.966626495
5,0.5,0,1.5,0.5,1,1.607355476
1,0.5,0,1.5,1,1,-1.301842232
2,0.5,0,1.5,1,1,-1.456517375
3,0.5,0,1.5,1,1,-1.338887701
4,0.5,0,1.5,1,1,-1.030315475
5,0.5,0,1.5,1,1,-0.57170987
1,0.5,0,1.5,1.25,1,-1.74888817
2,0.5,0,1.5,1.25,1,-2.070381048
3,0.5,0,1.5,1.25,1,-2.062197601
4,0.5,0,1.5,1.25,1,-1.835170006
5,0.5,0,1.5,1.25,1,-1.397099142
1,0.5,0,0.5,0.5,3,1.970868903
2,0.5,0,0.5,0.5,3,4.28175041
3,0.5,0,0.5,0.5,3,6.780358668
4,0.5,0,0.5,0.5,3,9.4997334
5,0.5,0,0.5,0.5,3,12.30869039
1,0.5,0,0.5,0.75,3,1.458581428
2,0.5,0,0.5,0.75,3,3.603989295
3,0.5,0,0.5,0.75,3,6.08692487
4,0.5,0,0.5,0.75,3,8.735541816
5,0.5,0,0.5,0.75,3,11.48643511
1,0.5,0,0.5,1,3,1.047424135
2,0.5,0,0.5,1,3,3.079133942
3,0.5,0,0.5,1,3,5.518135869
4,0.5,0,0.5,1,3,8.094280639
5,0.5,0,0.5,1,3,10.7829858
1,0.5,0,0.75,0.75,3,1.524943127
2,0.5,0,0.75,0.75,3,3.657359354
3,0.5,0,0.75,0.75,3,6.0115391
4,0.5,0,0.75,0.75,3,8.613588587
5,0.5,0,0.75,0.75,3,11.34053186
1,0.5,0,0.75,1,3,1.088187171
2,0.5,0,0.75,1,3,3.071001494
3,0.5,0,0.75,1,3,5.388848896
4,0.5,0,0.75,1,3,7.9324111
5,0.5,0,0.75,1,3,10.60342408
1,0.5,0,1,0.5,3,2.055043759
2,0.5,0,1,0.5,3,4.391318728
3,0.5,0,1,0.5,3,6.870356828
4,0.5,0,1,0.5,3,9.450341169
5,0.5,0,1,0.5,3,12.11095911
1,0.5,0,1,1,3,1.094654929
2,0.5,0,1,1,3,3.038075547
3,0.5,0,1,1,3,5.249174125
4,0.5,0,1,1,3,7.734198362
5,0.5,0,1,1,3,10.37376059
1,0.5,0,1,1.25,3,0.693342585
2,0.5,0,1,1.25,3,2.502752987
3,0.5,0,1,1.25,3,4.662360955
4,0.5,0,1,1.25,3,7.098715606
5,0.5,0,1,1.25,3,9.686928324
1,0.5,0,1.25,0.5,3,2.059084483
2,0.5,0,1.25,0.5,3,4.392879689
3,0.5,0,1.25,0.5,3,6.870902781
4,0.5,0,1.25,0.5,3,9.448494275
5,0.5,0,1.25,0.5,3,12.09964831
1,0.5,0,1.25,1,3,1.08515042
2,0.5,0,1.25,1,3,2.996045207
3,0.5,0,1.25,1,3,5.158614167
4,0.5,0,1.25,1,3,7.538548464
5,0.5,0,1.25,1,3,10.13366938
1,0.5,0,1.25,1.25,3,0.660834082
2,0.5,0,1.25,1.25,3,2.415255308
3,0.5,0,1.25,1.25,3,4.47854764
4,0.5,0,1.25,1.25,3,6.846175265
5,0.5,0,1.25,1.25,3,9.399658872
1,0.5,0,1.5,0.5,3,2.054500589
2,0.5,0,1.5,0.5,3,4.381961908
3,0.5,0,1.5,0.5,3,6.857737075
4,0.5,0,1.5,0.5,3,9.43275853
5,0.5,0,1.5,0.5,3,12.07906682
1,0.5,0,1.5,1,3,1.067505496
2,0.5,0,1.5,1,3,2.947854104
3,0.5,0,1.5,1,3,5.074827809
4,0.5,0,1.5,1,3,7.382453827
5,0.5,0,1.5,1,3,9.904895568
1,0.5,0,1.5,1.25,3,0.623895629
2,0.5,0,1.5,1.25,3,2.325976096
3,0.5,0,1.5,1.25,3,4.334379241
4,0.5,0,1.5,1.25,3,6.604570005
5,0.5,0,1.5,1.25,3,9.115033899
1,0.5,0,0.5,0.5,5,4.345572225
2,0.5,0,0.5,0.5,5,8.750213414
3,0.5,0,0.5,0.5,5,13.44798839
4,0.5,0,0.5,0.5,5,18.22626439
5,0.5,0,0.5,0.5,5,23.05482065
1,0.5,0,0.5,0.75,5,3.849944059
2,0.5,0,0.5,0.75,5,8.133040922
3,0.5,0,0.5,0.75,5,12.71889068
4,0.5,0,0.5,0.75,5,17.41340565
5,0.5,0,0.5,0.75,5,22.18401123
1,0.5,0,0.5,1,5,3.44125436
2,0.5,0,0.5,1,5,7.618121525
3,0.5,0,0.5,1,5,12.11017869
4,0.5,0,0.5,1,5,16.72138692
5,0.5,0,0.5,1,5,21.44738502
1,0.5,0,0.75,0.75,5,3.914683793
2,0.5,0,0.75,0.75,5,8.087097851
3,0.5,0,0.75,0.75,5,12.60181118
4,0.5,0,0.75,0.75,5,17.27224743
5,0.5,0,0.75,0.75,5,22.02979577
1,0.5,0,0.75,1,5,3.48077416
2,0.5,0,0.75,1,5,7.524010677
3,0.5,0,0.75,1,5,11.96511495
4,0.5,0,0.75,1,5,16.55351664
5,0.5,0,0.75,1,5,21.26128938
1,0.5,0,1,0.5,5,4.430445113
2,0.5,0,1,0.5,5,8.832629995
3,0.5,0,1,0.5,5,13.34807511
4,0.5,0,1,0.5,5,17.93955295
5,0.5,0,1,0.5,5,22.70129479
1,0.5,0,1,1,5,3.487369558
2,0.5,0,1,1,5,7.461390644
3,0.5,0,1,1,5,11.78841498
4,0.5,0,1,1,5,16.33654429
5,0.5,0,1,1,5,21.01901761
1,0.5,0,1,1.25,5,3.087308425
2,0.5,0,1,1.25,5,6.917377004
3,0.5,0,1,1.25,5,11.20257818
4,0.5,0,1,1.25,5,15.67969938
5,0.5,0,1,1.25,5,20.30672274
1,0.5,0,1.25,0.5,5,4.435630578
2,0.5,0,1.25,0.5,5,8.838640652
3,0.5,0,1.25,0.5,5,13.35281835
4,0.5,0,1.25,0.5,5,17.94111702
5,0.5,0,1.25,0.5,5,22.60108212
1,0.5,0,1.25,1,5,3.478492443
2,0.5,0,1.25,1,5,7.422511212
3,0.5,0,1.25,1,5,11.6219007
4,0.5,0,1.25,1,5,16.11155612
5,0.5,0,1.25,1,5,20.75951581
1,0.5,0,1.25,1.25,5,3.054748087
2,0.5,0,1.25,1.25,5,6.832139483
3,0.5,0,1.25,1.25,5,10.98306168
4,0.5,0,1.25,1.25,5,15.41311868
5,0.5,0,1.25,1.25,5,20.00696937
1,0.5,0,1.5,0.5,5,4.432190561
2,0.5,0,1.5,0.5,5,8.832731206
3,0.5,0,1.5,0.5,5,13.34365627
4,0.5,0,1.5,0.5,5,17.92747462
5,0.5,0,1.5,0.5,5,22.58344821
1,0.5,0,1.5,1,5,3.460424662
2,0.5,0,1.5,1,5,7.376428029
3,0.5,0,1.5,1,5,11.51964422
4,0.5,0,1.5,1,5,15.89970134
5,0.5,0,1.5,1,5,20.50007046
1,0.5,0,1.5,1.25,5,3.019004845
2,0.5,0,1.5,1.25,5,6.747405376
3,0.5,0,1.5,1.25,5,10.78324113
4,0.5,0,1.5,1.25,5,15.15194751
5,0.5,0,1.5,1.25,5,19.70739414
1,0.5,0.5,0.5,0.5,1,-0.85047686
2,0.5,0.5,0.5,0.5,1,-1.734777193
3,0.5,0.5,0.5,0.5,1,-2.755888406
4,0.5,0.5,0.5,0.5,1,-3.84740544
5,0.5,0.5,0.5,0.5,1,-5.009991003
1,0.5,0.5,0.5,0.75,1,-1.700005634
2,0.5,0.5,0.5,0.75,1,-3.014225701
3,0.5,0.5,0.5,0.75,1,-4.396774187
4,0.5,0.5,0.5,0.75,1,-5.917680686
5,0.5,0.5,0.5,0.75,1,-7.547487646
1,0.5,0.5,0.5,1,1,-2.305446103
2,0.5,0.5,0.5,1,1,-3.92218015
3,0.5,0.5,0.5,1,1,-5.64691722
4,0.5,0.5,0.5,1,1,-7.550699807
5,0.5,0.5,0.5,1,1,-9.580431185
1,0.5,0.5,0.75,0.75,1,-1.590344956
2,0.5,0.5,0.75,0.75,1,-2.936152597
3,0.5,0.5,0.75,0.75,1,-4.391174277
4,0.5,0.5,0.75,0.75,1,-5.98761034
5,0.5,0.5,0.75,0.75,1,-7.697651956
1,0.5,0.5,0.75,1,1,-2.276048136
2,0.5,0.5,0.75,1,1,-3.95890402
3,0.5,0.5,0.75,1,1,-5.789395443
4,0.5,0.5,0.75,1,1,-7.796083399
5,0.5,0.5,0.75,1,1,-9.935650199
1,0.5,0.5,1,1,1,-2.27193752
2,0.5,0.5,1,1,1,-4.029894037
3,0.5,0.5,1,1,1,-5.975907295
4,0.5,0.5,1,1,1,-8.110600011
5,0.5,0.5,1,1,1,-10.38619362
1,0.5,0.5,0.5,0.5,3,1.35761086
2,0.5,0.5,0.5,0.5,3,2.54762153
3,0.5,0.5,0.5,0.5,3,3.559141281
4,0.5,0.5,0.5,0.5,3,4.479376891
5,0.5,0.5,0.5,0.5,3,5.319209273
1,0.5,0.5,0.5,0.75,3,0.556881865
2,0.5,0.5,0.5,0.75,3,1.300791416
3,0.5,0.5,0.5,0.75,3,1.914908924
4,0.5,0.5,0.5,0.75,3,2.391045758
5,0.5,0.5,0.5,0.75,3,2.760722167
1,0.5,0.5,0.5,1,3,-0.025458225
2,0.5,0.5,0.5,1,3,0.388086415
3,0.5,0.5,0.5,1,3,0.659910185
4,0.5,0.5,0.5,1,3,0.75382811
5,0.5,0.5,0.5,1,3,0.728181219
1,0.5,0.5,0.75,0.75,3,0.661876323
2,0.5,0.5,0.75,0.75,3,1.398934714
3,0.5,0.5,0.75,0.75,3,1.946036847
4,0.5,0.5,0.75,0.75,3,2.346465479
5,0.5,0.5,0.75,0.75,3,2.635266198
1,0.5,0.5,0.75,1,3,0.018380068
2,0.5,0.5,0.75,1,3,0.369895985
3,0.5,0.5,0.75,1,3,0.534664857
4,0.5,0.5,0.75,1,3,0.524128647
5,0.5,0.5,0.75,1,3,0.386057188
1,0.5,0.5,1,1,3,0.031713994
2,0.5,0.5,1,1,3,0.314372419
3,0.5,0.5,1,1,3,0.366216743
4,0.5,0.5,1,1,3,0.226583272
5,0.5,0.5,1,1,3,-0.047541998
1,0.5,0.5,0.5,0.5,5,3.619814268
2,0.5,0.5,0.5,0.5,5,6.87435231
3,0.5,0.5,0.5,0.5,5,9.904920022
4,0.5,0.5,0.5,0.5,5,12.82714676
5,0.5,0.5,0.5,0.5,5,15.66548888
1,0.5,0.5,0.5,0.75,5,2.882489371
2,0.5,0.5,0.5,0.75,5,5.641339297
3,0.5,0.5,0.5,0.75,5,8.245536293
4,0.5,0.5,0.5,0.75,5,10.71462239
5,0.5,0.5,0.5,0.75,5,13.08343969
1,0.5,0.5,0.5,1,5,2.297348409
2,0.5,0.5,0.5,1,5,4.718732195
3,0.5,0.5,0.5,1,5,6.981567337
4,0.5,0.5,0.5,1,5,9.071396053
5,0.5,0.5,0.5,1,5,11.05434183
1,0.5,0.5,0.75,0.75,5,2.989504825
2,0.5,0.5,0.75,0.75,5,5.757844823
3,0.5,0.5,0.75,0.75,5,8.300973168
4,0.5,0.5,0.75,0.75,5,10.69531153
5,0.5,0.5,0.75,0.75,5,12.98286195
1,0.5,0.5,0.75,1,5,2.361035215
2,0.5,0.5,0.75,1,5,4.718203078
3,0.5,0.5,0.75,1,5,6.87387124
4,0.5,0.5,0.75,1,5,8.856803854
5,0.5,0.5,0.75,1,5,10.72028699
1,0.5,0.5,1,1,5,2.380409248
2,0.5,0.5,1,1,5,4.677944965
3,0.5,0.5,1,1,5,6.723010088
4,0.5,0.5,1,1,5,8.576238445
5,0.5,0.5,1,1,5,10.3039383
1,0.5,1,0.5,0.5,1,-1.35202753
2,0.5,1,0.5,0.5,1,-3.284713994
3,0.5,1,0.5,0.5,1,-5.735231819
4,0.5,1,0.5,0.5,1,-8.527506851
5,0.5,1,0.5,0.5,1,-11.53340383
1,0.5,1,0.5,0.75,1,-2.45450355
2,0.5,1,0.5,0.75,1,-5.197321445
3,0.5,1,0.5,0.75,1,-8.334754983
4,0.5,1,0.5,0.75,1,-11.88126082
5,0.5,1,0.5,0.75,1,-15.74853031
1,0.5,1,0.5,1,1,-3.261255003
2,0.5,1,0.5,1,1,-6.510463148
3,0.5,1,0.5,1,1,-10.24531982
4,0.5,1,0.5,1,1,-14.48454401
5,0.5,1,0.5,1,1,-19.09207375
1,0.5,1,0.75,0.75,1,-2.310529607
2,0.5,1,0.75,0.75,1,-5.063170946
3,0.5,1,0.75,0.75,1,-8.296801018
4,0.5,1,0.75,0.75,1,-11.96039531
5,0.5,1,0.75,0.75,1,-15.96221894
1,0.5,1,0.75,1,1,-3.225516239
2,0.5,1,0.75,1,1,-6.565473879
3,0.5,1,0.75,1,1,-10.4531871
4,0.5,1,0.75,1,1,-14.86690221
5,0.5,1,0.75,1,1,-19.66894973
1,0.5,1,1,1,1,-3.214177417
2,0.5,1,1,1,1,-6.655403793
3,0.5,1,1,1,1,-10.71748021
4,0.5,1,1,1,1,-15.3399613
5,0.5,1,1,1,1,-20.38210329
1,0.5,1,0.5,0.5,3,0.836547256
2,0.5,1,0.5,0.5,3,0.957739252
3,0.5,1,0.5,0.5,3,0.543910615
4,0.5,1,0.5,0.5,3,-0.219213721
5,0.5,1,0.5,0.5,3,-1.216246251
1,0.5,1,0.5,0.75,3,-0.243592683
2,0.5,1,0.5,0.75,3,-0.913858819
3,0.5,1,0.5,0.75,3,-2.035137581
4,0.5,1,0.5,0.75,3,-3.581929808
5,0.5,1,0.5,0.75,3,-5.448097954
1,0.5,1,0.5,1,3,-1.016870092
2,0.5,1,0.5,1,3,-2.219235568
3,0.5,1,0.5,1,3,-3.949249304
4,0.5,1,0.5,1,3,-6.188520566
5,0.5,1,0.5,1,3,-8.793599984
1,0.5,1,0.75,0.75,3,-0.095059815
2,0.5,1,0.75,0.75,3,-0.764588086
3,0.5,1,0.75,0.75,3,-1.974446018
4,0.5,1,0.75,0.75,3,-3.635071531
5,0.5,1,0.75,0.75,3,-5.636549444
1,0.5,1,0.75,1,3,-0.977084063
2,0.5,1,0.75,1,3,-2.251317993
3,0.5,1,0.75,1,3,-4.139928645
4,0.5,1,0.75,1,3,-6.554390416
5,0.5,1,0.75,1,3,-9.354384261
1,0.5,1,1,1,3,-0.960976897
2,0.5,1,1,1,3,-2.3241127
3,0.5,1,1,1,3,-4.385360436
4,0.5,1,1,1,3,-7.009462882
5,0.5,1,1,1,3,-10.05123916
1,0.5,1,0.5,0.5,5,3.005625271
2,0.5,1,0.5,0.5,5,5.229231759
3,0.5,1,0.5,0.5,5,6.844696463
4,0.5,1,0.5,0.5,5,8.102314999
5,0.5,1,0.5,0.5,5,9.111194211
1,0.5,1,0.5,0.75,5,2.008792453
2,0.5,1,0.5,0.75,5,3.399293696
3,0.5,1,0.5,0.75,5,4.275158507
4,0.5,1,0.5,0.75,5,4.726567051
5,0.5,1,0.5,0.75,5,4.859794797
1,0.5,1,0.5,1,5,1.26064507
2,0.5,1,0.5,1,5,2.089172552
3,0.5,1,0.5,1,5,2.35620455
4,0.5,1,0.5,1,5,2.114353859
5,0.5,1,0.5,1,5,1.512229581
1,0.5,1,0.75,0.75,5,2.154763995
2,0.5,1,0.75,0.75,5,3.567094532
3,0.5,1,0.75,0.75,5,4.36075001
4,0.5,1,0.75,0.75,5,4.698827568
5,0.5,1,0.75,0.75,5,4.696535567
1,0.5,1,0.75,1,5,1.314494662
2,0.5,1,0.75,1,5,2.077114082
3,0.5,1,0.75,1,5,2.182920707
4,0.5,1,0.75,1,5,1.76520133
5,0.5,1,0.75,1,5,0.967147069
1,0.5,1,1,1,5,1.338237305
2,0.5,1,1,1,5,2.019513819
3,0.5,1,1,1,5,1.955689289
4,0.5,1,1,1,5,1.327849662
5,0.5,1,1,1,5,0.286454585
1,1,0,0.5,0.5,1,-0.307669743
2,1,0,0.5,0.5,1,0.133981277
3,1,0,0.5,0.5,1,0.764339615
4,1,0,0.5,0.5,1,1.464324008
5,1,0,0.5,0.5,1,2.243791989
1,1,0,0.5,0.75,1,-0.765935078
2,1,0,0.5,0.75,1,-0.409803344
3,1,0,0.5,0.75,1,0.120636763
4,1,0,0.5,0.75,1,0.767129194
5,1,0,0.5,0.75,1,1.503124723
1,1,0,0.5,1,1,-1.078389906
2,1,0,0.5,1,1,-0.860278359
3,1,0,0.5,1,1,-0.404357
4,1,0,0.5,1,1,0.198858485
5,1,0,0.5,1,1,0.885498736
1,1,0,0.75,0.75,1,-0.721907723
2,1,0,0.75,0.75,1,-0.349685507
3,1,0,0.75,0.75,1,0.169558536
4,1,0,0.75,0.75,1,0.774414569
5,1,0,0.75,0.75,1,1.466718503
1,1,0,0.75,1,1,-1.068905319
2,1,0,0.75,1,1,-0.832415039
3,1,0,0.75,1,1,-0.405816023
4,1,0,0.75,1,1,0.136019169
5,1,0,0.75,1,1,0.794626066
1,1,0,1,0.5,1,-0.23261891
2,1,0,1,0.5,1,0.226768011
3,1,0,1,0.5,1,0.868232047
4,1,0,1,0.5,1,1.571440179
5,1,0,1,0.5,1,2.330642371
1,1,0,1,1,1,-1.073105191
2,1,0,1,1,1,-0.834865778
3,1,0,1,1,1,-0.430244439
4,1,0,1,1,1,0.077430297
5,1,0,1,1,1,0.684955874
1,1,0,1,1.25,1,-1.386319878
2,1,0,1,1.25,1,-1.285225006
3,1,0,1,1.25,1,-0.965860559
4,1,0,1,1.25,1,-0.525450333
5,1,0,1,1.25,1,0.053815353
1,1,0,1.25,0.5,1,-0.229205234
2,1,0,1.25,0.5,1,0.232544497
3,1,0,1.25,0.5,1,0.874663709
4,1,0,1.25,0.5,1,1.578805579
5,1,0,1.25,0.5,1,2.337520345
1,1,0,1.25,1,1,-1.08564243
2,1,0,1.25,1,1,-0.852629957
3,1,0,1.25,1,1,-0.465487431
4,1,0,1.25,1,1,0.022371314
5,1,0,1.25,1,1,0.602600218
1,1,0,1.25,1.25,1,-1.422127908
2,1,0,1.25,1.25,1,-1.332389118
3,1,0,1.25,1.25,1,-1.043931021
4,1,0,1.25,1.25,1,-0.634088382
5,1,0,1.25,1.25,1,-0.109054757
1,1,0,1.5,0.5,1,-0.235450371
2,1,0,1.5,0.5,1,0.228433499
3,1,0,1.5,0.5,1,0.869706723
4,1,0,1.5,0.5,1,1.574203499
5,1,0,1.5,0.5,1,2.331322867
1,1,0,1.5,1,1,-1.101447488
2,1,0,1.5,1,1,-0.876890324
3,1,0,1.5,1,1,-0.505184561
4,1,0,1.5,1,1,-0.035199028
5,1,0,1.5,1,1,0.527645267
1,1,0,1.5,1.25,1,-1.456261067
2,1,0,1.5,1.25,1,-1.382253975
3,1,0,1.5,1.25,1,-1.121633051
4,1,0,1.5,1.25,1,-0.739537514
5,1,0,1.5,1.25,1,-0.24273832
1,1,0,0.5,0.5,3,2.498639272
2,1,0,0.5,0.5,3,5.166651699
3,1,0,0.5,0.5,3,7.940859904
4,1,0,0.5,0.5,3,10.75775643
5,1,0,0.5,0.5,3,13.61142833
1,1,0,0.5,0.75,3,2.068908731
2,1,0,0.5,0.75,3,4.608474755
3,1,0,0.5,0.75,3,7.269578977
4,1,0,0.5,0.75,3,10.00237278
5,1,0,0.5,0.75,3,12.79073782
1,1,0,0.5,1,3,1.758415618
2,1,0,0.5,1,3,4.134536484
3,1,0,0.5,1,3,6.704740916
4,1,0,0.5,1,3,9.357916284
5,1,0,0.5,1,3,12.0942011
1,1,0,0.75,0.75,3,2.122226895
2,1,0,0.75,0.75,3,4.586298131
3,1,0,0.75,0.75,3,7.210859747
4,1,0,0.75,0.75,3,9.922438257
5,1,0,0.75,0.75,3,12.70127022
1,1,0,0.75,1,3,1.748348839
2,1,0,0.75,1,3,4.091134968
3,1,0,0.75,1,3,6.629157285
4,1,0,0.75,1,3,9.262110299
5,1,0,0.75,1,3,11.98015664
1,1,0,1,0.5,3,2.579029509
2,1,0,1,0.5,3,5.209989306
3,1,0,1,0.5,3,7.897264457
4,1,0,1,0.5,3,10.62300898
5,1,0,1,0.5,3,13.40443282
1,1,0,1,1,3,1.703460133
2,1,0,1,1,3,4.072399789
3,1,0,1,1,3,6.534316764
4,1,0,1,1,3,9.132123814
5,1,0,1,1,3,11.82326437
1,1,0,1,1.25,3,1.418410582
2,1,0,1,1.25,3,3.601718838
3,1,0,1,1.25,3,5.996229267
4,1,0,1,1.25,3,8.531466556
5,1,0,1,1.25,3,11.16678407
1,1,0,1.25,0.5,3,2.589623528
2,1,0,1.25,0.5,3,5.222223631
3,1,0,1.25,0.5,3,7.909318859
4,1,0,1.25,0.5,3,10.63372699
5,1,0,1.25,0.5,3,13.40998485
1,1,0,1.25,1,3,1.762659773
2,1,0,1.25,1,3,4.061097912
3,1,0,1.25,1,3,6.476099258
4,1,0,1.25,1,3,9.009686546
5,1,0,1.25,1,3,11.66641227
1,1,0,1.25,1.25,3,1.402146234
2,1,0,1.25,1.25,3,3.56003173
3,1,0,1.25,1.25,3,5.877002656
4,1,0,1.25,1.25,3,8.364109003
5,1,0,1.25,1.25,3,10.96869402
1,1,0,1.5,0.5,3,2.593773028
2,1,0,1.5,0.5,3,5.223942018
3,1,0,1.5,0.5,3,7.908683562
4,1,0,1.5,0.5,3,10.63122379
5,1,0,1.5,0.5,3,13.40482043
1,1,0,1.5,1,3,1.754635309
2,1,0,1.5,1,3,4.041565515
3,1,0,1.5,1,3,6.442057842
4,1,0,1.5,1,3,8.928924374
5,1,0,1.5,1,3,11.53172182
1,1,0,1.5,1.25,3,1.380247618
2,1,0,1.5,1.25,3,3.516809454
3,1,0,1.5,1.25,3,5.79963827
4,1,0,1.5,1.25,3,8.213629778
5,1,0,1.5,1.25,3,10.7811181
1,1,0,0.5,0.5,5,5.853667481
2,1,0,0.5,0.5,5,10.66177194
3,1,0,0.5,0.5,5,15.49338397
4,1,0,0.5,0.5,5,20.34416949
5,1,0,0.5,0.5,5,25.22513028
1,1,0,0.5,0.75,5,5.32766895
2,1,0,0.5,0.75,5,10.01370027
3,1,0,0.5,0.75,5,14.75288803
4,1,0,0.5,0.75,5,19.5264623
5,1,0,0.5,0.75,5,24.34360745
1,1,0,0.5,1,5,4.910288386
2,1,0,0.5,1,5,9.464387917
3,1,0,0.5,1,5,14.11414563
4,1,0,0.5,1,5,18.82511487
5,1,0,0.5,1,5,23.5924001
1,1,0,0.75,0.75,5,5.230027692
2,1,0,0.75,0.75,5,9.894627239
3,1,0,0.75,0.75,5,14.62737499
4,1,0,0.75,0.75,5,19.39550021
5,1,0,0.75,0.75,5,24.20778429
1,1,0,0.75,1,5,4.821488912
2,1,0,0.75,1,5,9.353138322
3,1,0,0.75,1,5,13.98620446
4,1,0,0.75,1,5,18.68492148
5,1,0,0.75,1,5,23.44126108
1,1,0,1,0.5,5,5.659580321
2,1,0,1,0.5,5,10.35958285
3,1,0,1,0.5,5,15.16118281
4,1,0,1,0.5,5,19.99819252
5,1,0,1,0.5,5,24.87363129
1,1,0,1,1,5,4.740712727
2,1,0,1,1,5,9.220975757
3,1,0,1,1,5,13.82136637
4,1,0,1,1,5,18.50015469
5,1,0,1,1,5,23.24188681
1,1,0,1,1.25,5,4.377583258
2,1,0,1,1.25,5,8.746169639
3,1,0,1,1.25,5,13.25220992
4,1,0,1,1.25,5,17.85148245
5,1,0,1,1.25,5,22.54139783
1,1,0,1.25,0.5,5,5.671712938
2,1,0,1.25,0.5,5,10.35097907
3,1,0,1.25,0.5,5,15.06780057
4,1,0,1.25,0.5,5,19.83335098
5,1,0,1.25,0.5,5,24.69295318
1,1,0,1.25,1,5,4.731641716
2,1,0,1.25,1,5,9.108040296
3,1,0,1.25,1,5,13.66161046
4,1,0,1.25,1,5,18.3070076
5,1,0,1.25,1,5,23.03190361
1,1,0,1.25,1.25,5,4.348877467
2,1,0,1.25,1.25,5,8.611664834
3,1,0,1.25,1.25,5,13.07293868
4,1,0,1.25,1.25,5,17.6364033
5,1,0,1.25,1.25,5,22.30149177
1,1,0,1.5,0.5,5,5.677061546
2,1,0,1.5,0.5,5,10.35238419
3,1,0,1.5,0.5,5,15.06445256
4,1,0,1.5,0.5,5,19.80570676
5,1,0,1.5,0.5,5,24.60561828
1,1,0,1.5,1,5,4.722010744
2,1,0,1.5,1,5,9.060358988
3,1,0,1.5,1,5,13.52956162
4,1,0,1.5,1,5,18.12929996
5,1,0,1.5,1,5,22.82723038
1,1,0,1.5,1.25,5,4.323995488
2,1,0,1.5,1.25,5,8.515901489
3,1,0,1.5,1.25,5,12.90946598
4,1,0,1.5,1.25,5,17.43314408
5,1,0,1.5,1.25,5,22.06672279
1,1,0.5,0.5,0.5,1,-0.850474671
2,1,0.5,0.5,0.5,1,-1.734526133
3,1,0.5,0.5,0.5,1,-2.697420913
4,1,0.5,0.5,0.5,1,-3.518526125
5,1,0.5,0.5,0.5,1,-4.411004647
1,1,0.5,0.5,0.75,1,-1.699914654
2,1,0.5,0.5,0.75,1,-2.911060666
3,1,0.5,0.5,0.75,1,-4.038709233
4,1,0.5,0.5,0.75,1,-5.264550099
5,1,0.5,0.5,0.75,1,-6.598621007
1,1,0.5,0.5,1,1,-2.271500197
2,1,0.5,0.5,1,1,-3.661116461
3,1,0.5,0.5,1,1,-5.106644402
4,1,0.5,0.5,1,1,-6.677979574
5,1,0.5,0.5,1,1,-8.375328892
1,1,0.5,0.75,0.75,1,-1.590239154
2,1,0.5,0.75,0.75,1,-2.854035641
3,1,0.5,0.75,0.75,1,-3.978731454
4,1,0.5,0.75,0.75,1,-5.218424919
5,1,0.5,0.75,0.75,1,-6.5752948
1,1,0.5,0.75,1,1,-2.26779106
2,1,0.5,0.75,1,1,-3.698636482
3,1,0.5,0.75,1,1,-5.157077213
4,1,0.5,0.75,1,1,-6.77862593
5,1,0.5,0.75,1,1,-8.536178344
1,1,0.5,1,1,1,-2.270879778
2,1,0.5,1,1,1,-3.744477033
3,1,0.5,1,1,1,-5.244938592
4,1,0.5,1,1,1,-6.929922573
5,1,0.5,1,1,1,-8.764269797
1,1,0.5,0.5,0.5,3,1.357600516
2,1,0.5,0.5,0.5,3,2.724925931
3,1,0.5,0.5,0.5,3,4.034099024
4,1,0.5,0.5,0.5,3,5.221866845
5,1,0.5,0.5,0.5,3,6.333202287
1,1,0.5,0.5,0.75,3,0.714108695
2,1,0.5,0.5,0.75,3,1.739431152
3,1,0.5,0.5,0.75,3,2.655867782
4,1,0.5,0.5,0.75,3,3.426470904
5,1,0.5,0.5,0.75,3,4.097289407
1,1,0.5,0.5,1,3,0.295097753
2,1,0.5,0.5,1,3,0.957453768
3,1,0.5,0.5,1,3,1.562774804
4,1,0.5,0.5,1,3,1.991779662
5,1,0.5,0.5,1,3,2.300255418
1,1,0.5,0.75,0.75,3,0.778600896
2,1,0.5,0.75,0.75,3,1.855578139
3,1,0.5,0.75,0.75,3,2.773260154
4,1,0.5,0.75,0.75,3,3.528071943
5,1,0.5,0.75,0.75,3,4.171046452
1,1,0.5,0.75,1,3,0.285957168
2,1,0.5,0.75,1,3,0.997505402
3,1,0.5,0.75,1,3,1.557402877
4,1,0.5,0.75,1,3,1.931885545
5,1,0.5,0.75,1,3,2.175749143
1,1,0.5,1,1,3,0.27799668
2,1,0.5,1,1,3,0.9959874
3,1,0.5,1,1,3,1.507711363
4,1,0.5,1,1,3,1.819806075
5,1,0.5,1,1,3,1.987734256
1,1,0.5,0.5,0.5,5,4.094520565
2,1,0.5,0.5,0.5,5,7.576297396
3,1,0.5,0.5,0.5,5,10.8881805
4,1,0.5,0.5,0.5,5,14.0632641
5,1,0.5,0.5,0.5,5,17.17341164
1,1,0.5,0.5,0.75,5,3.476951571
2,1,0.5,0.5,0.75,5,6.552367923
3,1,0.5,0.5,0.75,5,9.446643654
4,1,0.5,0.5,0.75,5,12.19710113
5,1,0.5,0.5,0.75,5,14.86169611
1,1,0.5,0.5,1,5,2.987424578
2,1,0.5,0.5,1,5,5.724917451
3,1,0.5,0.5,1,5,8.308236006
4,1,0.5,0.5,1,5,10.72487362
5,1,0.5,0.5,1,5,13.03427106
1,1,0.5,0.75,0.75,5,3.574639417
2,1,0.5,0.75,0.75,5,6.694877664
3,1,0.5,0.75,0.75,5,9.604121815
4,1,0.5,0.75,0.75,5,12.34409899
5,1,0.5,0.75,0.75,5,14.98171842
1,1,0.5,0.75,1,5,3.038449267
2,1,0.5,0.75,1,5,5.800898909
3,1,0.5,0.75,1,5,8.343352698
4,1,0.5,0.75,1,5,10.70110788
5,1,0.5,0.75,1,5,12.93896706
1,1,0.5,1,1,5,3.065417962
2,1,0.5,1,1,5,5.821529129
3,1,0.5,1,1,5,8.326618942
4,1,0.5,1,1,5,10.62483533
5,1,0.5,1,1,5,12.78852064
1,1,1,0.5,0.5,1,-1.352020073
2,1,1,0.5,0.5,1,-3.284698673
3,1,1,0.5,0.5,1,-5.734549858
4,1,1,0.5,0.5,1,-8.347453617
5,1,1,0.5,0.5,1,-11.08782585
1,1,1,0.5,0.75,1,-2.454487304
2,1,1,0.5,0.75,1,-5.192240764
3,1,1,0.5,0.75,1,-8.071045528
4,1,1,0.5,0.75,1,-11.13498685
5,1,1,0.5,0.75,1,-14.47373956
1,1,1,0.5,1,1,-3.261138963
2,1,1,0.5,1,1,-6.308071292
3,1,1,0.5,1,1,-9.687537851
4,1,1,0.5,1,1,-13.37254315
5,1,1,0.5,1,1,-17.38016988
1,1,1,0.75,0.75,1,-2.310513459
2,1,1,0.75,0.75,1,-5.062309423
3,1,1,0.75,0.75,1,-8.007559732
4,1,1,0.75,0.75,1,-11.07466798
5,1,1,0.75,0.75,1,-14.44000224
1,1,1,0.75,1,1,-3.225428401
2,1,1,0.75,1,1,-6.401139579
3,1,1,0.75,1,1,-9.79841907
4,1,1,0.75,1,1,-13.55382397
5,1,1,0.75,1,1,-17.6614971
1,1,1,1,1,1,-3.214038573
2,1,1,1,1,1,-6.500411832
3,1,1,1,1,1,-9.941543446
4,1,1,1,1,1,-13.79991885
5,1,1,1,1,1,-18.03608047
1,1,1,0.5,0.5,3,0.836535417
2,1,1,0.5,0.5,3,0.957993805
3,1,1,0.5,0.5,3,0.746434
4,1,1,0.5,0.5,3,0.333195711
5,1,1,0.5,0.5,3,-0.183516308
1,1,1,0.5,0.75,3,-0.243360198
2,1,1,0.5,0.75,3,-0.732385161
3,1,1,0.5,0.75,3,-1.446303129
4,1,1,0.5,0.75,3,-2.489786709
5,1,1,0.5,0.75,3,-3.819904396
1,1,1,0.5,1,3,-0.895989144
2,1,1,0.5,1,3,-1.791342097
3,1,1,0.5,1,3,-3.076613979
4,1,1,0.5,1,3,-4.741650916
5,1,1,0.5,1,3,-6.738290887
1,1,1,0.75,0.75,3,-0.164828949
2,1,1,0.75,0.75,3,-0.69776761
3,1,1,0.75,0.75,3,-1.415199064
4,1,1,0.75,0.75,3,-2.467739699
5,1,1,0.75,0.75,3,-3.827040334
1,1,1,0.75,1,3,-0.92136236
2,1,1,0.75,1,3,-1.839633527
3,1,1,0.75,1,3,-3.133726166
4,1,1,0.75,1,3,-4.878884911
5,1,1,0.75,1,3,-6.979184059
1,1,1,1,1,3,-0.936225413
2,1,1,1,1,3,-1.882607269
3,1,1,1,1,3,-3.23871953
4,1,1,1,1,3,-5.084206802
5,1,1,1,1,3,-7.314874855
1,1,1,0.5,0.5,5,3.06560984
2,1,1,0.5,0.5,5,5.33931733
3,1,1,0.5,0.5,5,7.360686742
4,1,1,0.5,0.5,5,9.072721849
5,1,1,0.5,0.5,5,10.55930195
1,1,1,0.5,0.75,5,2.201569824
2,1,1,0.5,0.75,5,3.91325499
3,1,1,0.5,0.75,5,5.24739404
4,1,1,0.5,0.75,5,6.200069313
5,1,1,0.5,0.75,5,6.87198798
1,1,1,0.5,1,5,1.691390659
2,1,1,0.5,1,5,2.803747326
3,1,1,0.5,1,5,3.589991964
4,1,1,0.5,1,5,3.92572295
5,1,1,0.5,1,5,3.934042088
1,1,1,0.75,0.75,5,2.284815174
2,1,1,0.75,0.75,5,4.087050052
3,1,1,0.75,0.75,5,5.436357815
4,1,1,0.75,0.75,5,6.379996317
5,1,1,0.75,0.75,5,7.018163831
1,1,1,0.75,1,5,1.654099364
2,1,1,0.75,1,5,2.855244969
3,1,1,0.75,1,5,3.578620982
4,1,1,0.75,1,5,3.830791044
5,1,1,0.75,1,5,3.730790793
1,1,1,1,1,5,1.638965875
2,1,1,1,1,5,2.85695911
3,1,1,1,1,5,3.51159733
4,1,1,1,1,5,3.663495447
5,1,1,1,1,5,3.436440125
1,1.5,0,0.5,0.5,1,-0.255139267
2,1.5,0,0.5,0.5,1,0.380529119
3,1.5,0,0.5,0.5,1,1.096118034
4,1.5,0,0.5,0.5,1,1.857291022
5,1.5,0,0.5,0.5,1,2.672807575
1,1.5,0,0.5,0.75,1,-0.598270495
2,1.5,0,0.5,0.75,1,-0.108081423
3,1.5,0,0.5,0.75,1,0.508501388
4,1.5,0,0.5,0.75,1,1.2176143
5,1.5,0,0.5,0.75,1,1.978442721
1,1.5,0,0.5,1,1,-0.917705367
2,1.5,0,0.5,1,1,-0.52107792
3,1.5,0,0.5,1,1,0.02769912
4,1.5,0,0.5,1,1,0.686254817
5,1.5,0,0.5,1,1,1.398367751
1,1.5,0,0.75,0.75,1,-0.565790228
2,1.5,0,0.75,0.75,1,-0.03732889
3,1.5,0,0.75,0.75,1,0.582724147
4,1.5,0,0.75,0.75,1,1.261216037
5,1.5,0,0.75,0.75,1,1.986267006
1,1.5,0,0.75,1,1,-0.853382964
2,1.5,0,0.75,1,1,-0.472101793
3,1.5,0,0.75,1,1,0.058104441
4,1.5,0,0.75,1,1,0.668507197
5,1.5,0,0.75,1,1,1.35708177
1,1.5,0,1,0.5,1,-0.184866756
2,1.5,0,1,0.5,1,0.481510411
3,1.5,0,1,0.5,1,1.214993244
4,1.5,0,1,0.5,1,1.989101087
5,1.5,0,1,0.5,1,2.788030395
1,1.5,0,1,1,1,-0.86089391
2,1.5,0,1,1,1,-0.457359506
3,1.5,0,1,1,1,0.063871231
4,1.5,0,1,1,1,0.658090559
5,1.5,0,1,1,1,1.303831322
1,1.5,0,1,1.25,1,-1.115433663
2,1.5,0,1,1.25,1,-0.864793764
3,1.5,0,1,1.25,1,-0.426409109
4,1.5,0,1,1.25,1,0.101367808
5,1.5,0,1,1.25,1,0.707666548
1,1.5,0,1.25,0.5,1,-0.174736076
2,1.5,0,1.25,0.5,1,0.49292377
3,1.5,0,1.25,0.5,1,1.227878309
4,1.5,0,1.25,0.5,1,2.003882137
5,1.5,0,1.25,0.5,1,2.803921242
1,1.5,0,1.25,1,1,-0.868969279
2,1.5,0,1.25,1,1,-0.45890708
3,1.5,0,1.25,1,1,0.052187389
4,1.5,0,1.25,1,1,0.636026851
5,1.5,0,1.25,1,1,1.270056983
1,1.5,0,1.25,1.25,1,-1.151461598
2,1.5,0,1.25,1.25,1,-0.886736093
3,1.5,0,1.25,1.25,1,-0.468785771
4,1.5,0,1.25,1.25,1,0.039365925
5,1.5,0,1.25,1.25,1,0.610977128
1,1.5,0,1.5,0.5,1,-0.171024651
2,1.5,0,1.5,0.5,1,0.495262174
3,1.5,0,1.5,0.5,1,1.229649167
4,1.5,0,1.5,0.5,1,2.005945216
5,1.5,0,1.5,0.5,1,2.806176133
1,1.5,0,1.5,1,1,-0.876929069
2,1.5,0,1.5,1,1,-0.471520686
3,1.5,0,1.5,1,1,0.032287542
4,1.5,0,1.5,1,1,0.606931712
5,1.5,0,1.5,1,1,1.230147708
1,1.5,0,1.5,1.25,1,-1.183144281
2,1.5,0,1.5,1.25,1,-0.916192274
3,1.5,0,1.5,1.25,1,-0.514889607
4,1.5,0,1.5,1.25,1,-0.024420352
5,1.5,0,1.5,1.25,1,0.528713903
1,1.5,0,0.5,0.5,3,3.438086088
2,1.5,0,0.5,0.5,3,6.256277455
3,1.5,0,0.5,0.5,3,9.102805386
4,1.5,0,0.5,0.5,3,11.96716633
5,1.5,0,0.5,0.5,3,14.84483573
1,1.5,0,0.5,0.75,3,2.958933204
2,1.5,0,0.5,0.75,3,5.65685731
3,1.5,0,0.5,0.75,3,8.417261106
4,1.5,0,0.5,0.75,3,11.2117218
5,1.5,0,0.5,0.75,3,14.02850283
1,1.5,0,0.5,1,3,2.583022799
2,1.5,0,0.5,1,3,5.170171507
3,1.5,0,0.5,1,3,7.835598785
4,1.5,0,0.5,1,3,10.5687518
5,1.5,0,0.5,1,3,13.33779874
1,1.5,0,0.75,0.75,3,2.920787689
2,1.5,0,0.75,0.75,3,5.596846849
3,1.5,0,0.75,0.75,3,8.345927735
4,1.5,0,0.75,0.75,3,11.13704994
5,1.5,0,0.75,0.75,3,13.9501388
1,1.5,0,0.75,1,3,2.545456087
2,1.5,0,0.75,1,3,5.112956525
3,1.5,0,0.75,1,3,7.7683974
4,1.5,0,0.75,1,3,10.48742427
5,1.5,0,0.75,1,3,13.24666788
1,1.5,0,1,0.5,3,3.397831719
2,1.5,0,1,0.5,3,6.131057835
3,1.5,0,1,0.5,3,8.900756487
4,1.5,0,1,0.5,3,11.7367768
5,1.5,0,1,0.5,3,14.60105134
1,1.5,0,1,1,3,2.54622529
2,1.5,0,1,1,3,5.044191658
3,1.5,0,1,1,3,7.671983191
4,1.5,0,1,1,3,10.36708251
5,1.5,0,1,1,3,13.10911451
1,1.5,0,1,1.25,3,2.208712185
2,1.5,0,1,1.25,3,4.608985311
3,1.5,0,1,1.25,3,7.158984889
4,1.5,0,1,1.25,3,9.78608276
5,1.5,0,1,1.25,3,12.46624645
1,1.5,0,1.25,0.5,3,3.417641048
2,1.5,0,1.25,0.5,3,6.150937402
3,1.5,0,1.25,0.5,3,8.91955967
4,1.5,0,1.25,0.5,3,11.71587765
5,1.5,0,1.25,0.5,3,14.52668236
1,1.5,0,1.25,1,3,2.552672552
2,1.5,0,1.25,1,3,5.021251872
3,1.5,0,1.25,1,3,7.586436945
4,1.5,0,1.25,1,3,10.25036174
5,1.5,0,1.25,1,3,12.96474797
1,1.5,0,1.25,1.25,3,2.201079553
2,1.5,0,1.25,1.25,3,4.551045695
3,1.5,0,1.25,1.25,3,7.045485815
4,1.5,0,1.25,1.25,3,9.643469574
5,1.5,0,1.25,1.25,3,12.30007348
1,1.5,0,1.5,0.5,3,3.428401122
2,1.5,0,1.5,0.5,3,6.159572943
3,1.5,0,1.5,0.5,3,8.926572383
4,1.5,0,1.5,0.5,3,11.72140593
5,1.5,0,1.5,0.5,3,14.53033092
1,1.5,0,1.5,1,3,2.550288585
2,1.5,0,1.5,1,3,5.009941193
3,1.5,0,1.5,1,3,7.550629548
4,1.5,0,1.5,1,3,10.15721749
5,1.5,0,1.5,1,3,12.83905051
1,1.5,0,1.5,1.25,3,2.185349872
2,1.5,0,1.5,1.25,3,4.520746234
3,1.5,0,1.5,1.25,3,6.960908124
4,1.5,0,1.5,1.25,3,9.51498382
5,1.5,0,1.5,1.25,3,12.14287676
1,1.5,0,0.5,0.5,5,7.862719962
2,1.5,0,0.5,0.5,5,12.67773445
3,1.5,0,0.5,0.5,5,17.55627022
4,1.5,0,0.5,0.5,5,22.44600105
5,1.5,0,0.5,0.5,5,27.33894549
1,1.5,0,0.5,0.75,5,7.274149103
2,1.5,0,0.5,0.75,5,11.97326711
3,1.5,0,0.5,0.75,5,16.78445595
4,1.5,0,0.5,0.75,5,21.61943048
5,1.5,0,0.5,0.75,5,26.46790601
1,1.5,0,0.5,1,5,6.785578244
2,1.5,0,0.5,1,5,11.36879977
3,1.5,0,0.5,1,5,16.11264168
4,1.5,0,0.5,1,5,20.89285991
5,1.5,0,0.5,1,5,25.69686653
1,1.5,0,0.75,0.75,5,7.083214547
2,1.5,0,0.75,0.75,5,11.83588035
3,1.5,0,0.75,0.75,5,16.64405237
4,1.5,0,0.75,0.75,5,21.47355288
5,1.5,0,0.75,0.75,5,26.31893449
1,1.5,0,0.75,1,5,6.585888747
2,1.5,0,0.75,1,5,11.24225931
3,1.5,0,0.75,1,5,15.97856423
4,1.5,0,0.75,1,5,20.74968871
5,1.5,0,0.75,1,5,25.54430887
1,1.5,0,1,0.5,5,7.54
2,1.5,0,1,0.5,5,12.30530154
3,1.5,0,1,0.5,5,17.17915962
4,1.5,0,1,0.5,5,22.08400179
5,1.5,0,1,0.5,5,26.9637955
1,1.5,0,1,1,5,6.413309469
2,1.5,0,1,1,5,11.07701392
3,1.5,0,1,1,5,15.80031388
4,1.5,0,1,1,5,20.55938192
5,1.5,0,1,1,5,25.34200517
1,1.5,0,1,1.25,5,6.011037529
2,1.5,0,1,1.25,5,10.56081743
3,1.5,0,1,1.25,5,15.20786587
4,1.5,0,1,1.25,5,19.91097781
5,1.5,0,1,1.25,5,24.64646436
1,1.5,0,1.25,0.5,5,7.41
2,1.5,0,1.25,0.5,5,12.13730154
3,1.5,0,1.25,0.5,5,17.00415962
4,1.5,0,1.25,0.5,5,21.88700179
5,1.5,0,1.25,0.5,5,26.7787955
1,1.5,0,1.25,1,5,6.279767282
2,1.5,0,1.25,1,5,10.90931492
3,1.5,0,1.25,1,5,15.61455754
4,1.5,0,1.25,1,5,20.35985071
5,1.5,0,1.25,1,5,25.12943879
1,1.5,0,1.25,1.25,5,5.872097345
2,1.5,0,1.25,1.25,5,10.39661181
3,1.5,0,1.25,1.25,5,15.01124304
4,1.5,0,1.25,1.25,5,19.69507976
5,1.5,0,1.25,1.25,5,24.41315552
1,1.5,0,1.5,0.5,5,7.318751824
2,1.5,0,1.5,0.5,5,12.03643019
3,1.5,0,1.5,0.5,5,16.84422413
4,1.5,0,1.5,0.5,5,21.70889822
5,1.5,0,1.5,0.5,5,26.58513609
1,1.5,0,1.5,1,5,6.188809112
2,1.5,0,1.5,1,5,10.76848747
3,1.5,0,1.5,1,5,15.43779999
4,1.5,0,1.5,1,5,20.1665251
5,1.5,0,1.5,1,5,24.9218288
1,1.5,0,1.5,1.25,5,5.771637795
2,1.5,0,1.5,1.25,5,10.24949035
3,1.5,0,1.5,1.25,5,14.83111783
4,1.5,0,1.5,1.25,5,19.48622245
5,1.5,0,1.5,1.25,5,24.18568258
1,1.5,0.5,0.5,0.5,1,-0.820027645
2,1.5,0.5,0.5,0.5,1,-1.709807094
3,1.5,0.5,0.5,0.5,1,-2.678690652
4,1.5,0.5,0.5,0.5,1,-3.378555607
5,1.5,0.5,0.5,0.5,1,-4.146148925
1,1.5,0.5,0.5,0.75,1,-1.653199163
2,1.5,0.5,0.5,0.75,1,-2.844892517
3,1.5,0.5,0.5,0.75,1,-3.855693225
4,1.5,0.5,0.5,0.75,1,-4.902559346
5,1.5,0.5,0.5,0.75,1,-6.072185158
1,1.5,0.5,0.5,1,1,-2.207895092
2,1.5,0.5,0.5,1,1,-3.45858255
3,1.5,0.5,0.5,1,1,-4.771430021
4,1.5,0.5,0.5,1,1,-6.163094137
5,1.5,0.5,0.5,1,1,-7.668357896
1,1.5,0.5,0.75,0.75,1,-1.563624942
2,1.5,0.5,0.75,0.75,1,-2.814007204
3,1.5,0.5,0.75,0.75,1,-3.786458378
4,1.5,0.5,0.75,0.75,1,-4.8287872
5,1.5,0.5,0.75,0.75,1,-5.996540517
1,1.5,0.5,0.75,1,1,-2.242882485
2,1.5,0.5,0.75,1,1,-3.537657382
3,1.5,0.5,0.75,1,1,-4.82361062
4,1.5,0.5,0.75,1,1,-6.210541868
5,1.5,0.5,0.75,1,1,-7.750433979
1,1.5,0.5,1,1,1,-2.251411667
2,1.5,0.5,1,1,1,-3.595490264
3,1.5,0.5,1,1,1,-4.872784919
4,1.5,0.5,1,1,1,-6.297598338
5,1.5,0.5,1,1,1,-7.883027072
1,1.5,0.5,0.5,0.5,3,1.503477173
2,1.5,0.5,0.5,0.5,3,3.059391195
3,1.5,0.5,0.5,0.5,3,4.490730913
4,1.5,0.5,0.5,0.5,3,5.820274876
5,1.5,0.5,0.5,0.5,3,7.054376578
1,1.5,0.5,0.5,0.75,3,0.99695273
2,1.5,0.5,0.5,0.75,3,2.175402385
3,1.5,0.5,0.5,0.75,3,3.256455803
4,1.5,0.5,0.5,0.75,3,4.203906447
5,1.5,0.5,0.5,0.75,3,5.029274864
1,1.5,0.5,0.5,1,3,0.697723809
2,1.5,0.5,0.5,1,3,1.462424259
3,1.5,0.5,0.5,1,3,2.255997026
4,1.5,0.5,0.5,1,3,2.898958533
5,1.5,0.5,0.5,1,3,3.394179827
1,1.5,0.5,0.75,0.75,3,1.051286246
2,1.5,0.5,0.75,0.75,3,2.307914612
3,1.5,0.5,0.75,0.75,3,3.406053962
4,1.5,0.5,0.75,0.75,3,4.365042984
5,1.5,0.5,0.75,0.75,3,5.197536883
1,1.5,0.5,0.75,1,3,0.640311083
2,1.5,0.5,0.75,1,3,1.530609649
3,1.5,0.5,0.75,1,3,2.308334696
4,1.5,0.5,0.75,1,3,2.919689658
5,1.5,0.5,0.75,1,3,3.378225142
1,1.5,0.5,1,1,3,0.624066233
2,1.5,0.5,1,1,3,1.560470726
3,1.5,0.5,1,1,3,2.313790457
4,1.5,0.5,1,1,3,2.890987005
5,1.5,0.5,1,1,3,3.30748615
1,1.5,0.5,0.5,0.5,5,4.95983176
2,1.5,0.5,0.5,0.5,5,8.492819097
3,1.5,0.5,0.5,0.5,5,11.91035348
4,1.5,0.5,0.5,0.5,5,15.22436815
5,1.5,0.5,0.5,0.5,5,18.43571694
1,1.5,0.5,0.5,0.75,5,4.325574227
2,1.5,0.5,0.5,0.75,5,7.515856996
3,1.5,0.5,0.5,0.75,5,10.55785708
4,1.5,0.5,0.5,0.75,5,13.4747007
5,1.5,0.5,0.5,0.75,5,16.27562026
1,1.5,0.5,0.5,1,5,3.836089925
2,1.5,0.5,0.5,1,5,6.726681759
3,1.5,0.5,0.5,1,5,9.48140538
4,1.5,0.5,0.5,1,5,12.09516288
5,1.5,0.5,0.5,1,5,14.5712408
1,1.5,0.5,0.75,0.75,5,4.436340607
2,1.5,0.5,0.75,0.75,5,7.677930032
3,1.5,0.5,0.75,0.75,5,10.76279315
4,1.5,0.5,0.75,0.75,5,13.709468
5,1.5,0.5,0.75,0.75,5,16.52680537
1,1.5,0.5,0.75,1,5,3.906601742
2,1.5,0.5,0.75,1,5,6.840908417
3,1.5,0.5,0.75,1,5,9.588787386
4,1.5,0.5,0.75,1,5,12.17953766
5,1.5,0.5,0.75,1,5,14.62170951
1,1.5,0.5,1,1,5,3.946803596
2,1.5,0.5,1,1,5,6.888339659
3,1.5,0.5,1,1,5,9.629352234
4,1.5,0.5,1,1,5,12.19667618
5,1.5,0.5,1,1,5,14.60322591
1,1.5,1,0.5,0.5,1,-1.311543977
2,1.5,1,0.5,0.5,1,-3.239777697
3,1.5,1,0.5,0.5,1,-5.606353977
4,1.5,1,0.5,0.5,1,-8.166713161
5,1.5,1,0.5,0.5,1,-10.71994755
1,1.5,1,0.5,0.75,1,-2.360663439
2,1.5,1,0.5,0.75,1,-5.104668115
3,1.5,1,0.5,0.75,1,-7.959934413
4,1.5,1,0.5,0.75,1,-10.80939484
5,1.5,1,0.5,0.75,1,-13.85915692
1,1.5,1,0.5,1,1,-3.152148263
2,1.5,1,0.5,1,1,-6.167171801
3,1.5,1,0.5,1,1,-9.336278256
4,1.5,1,0.5,1,1,-12.78848176
5,1.5,1,0.5,1,1,-16.45643141
1,1.5,1,0.75,0.75,1,-2.264369915
2,1.5,1,0.75,0.75,1,-5.048982192
3,1.5,1,0.75,0.75,1,-7.957026276
4,1.5,1,0.75,0.75,1,-10.73685934
5,1.5,1,0.75,0.75,1,-13.77423137
1,1.5,1,0.75,1,1,-3.173572306
2,1.5,1,0.75,1,1,-6.329460398
3,1.5,1,0.75,1,1,-9.526862962
4,1.5,1,0.75,1,1,-12.9127394
5,1.5,1,0.75,1,1,-16.6317466
1,1.5,1,1,1,1,-3.185068737
2,1.5,1,1,1,1,-6.455831416
3,1.5,1,1,1,1,-9.655214425
4,1.5,1,1,1,1,-13.0804962
5,1.5,1,1,1,1,-16.87321253
1,1.5,1,0.5,0.5,3,0.871729638
2,1.5,1,0.5,0.5,3,0.988217224
3,1.5,1,0.5,0.5,3,0.934929225
4,1.5,1,0.5,0.5,3,0.65903879
5,1.5,1,0.5,0.5,3,0.362448971
1,1.5,1,0.5,0.75,3,-0.190586749
2,1.5,1,0.5,0.75,3,-0.545975512
3,1.5,1,0.5,0.75,3,-1.058812134
4,1.5,1,0.5,0.75,3,-1.804094317
5,1.5,1,0.5,0.75,3,-2.841813105
1,1.5,1,0.5,1,3,-0.694012372
2,1.5,1,0.5,1,3,-1.390086156
3,1.5,1,0.5,1,3,-2.469293979
4,1.5,1,0.5,1,3,-3.811902357
5,1.5,1,0.5,1,3,-5.463850346
1,1.5,1,0.75,0.75,3,-0.064676058
2,1.5,1,0.75,0.75,3,-0.485654766
3,1.5,1,0.75,0.75,3,-0.91060826
4,1.5,1,0.75,0.75,3,-1.637027908
5,1.5,1,0.75,0.75,3,-2.66294838
1,1.5,1,0.75,1,3,-0.793560297
2,1.5,1,0.75,1,3,-1.506077205
3,1.5,1,0.75,1,3,-2.515030909
4,1.5,1,0.75,1,3,-3.862238736
5,1.5,1,0.75,1,3,-5.570734189
1,1.5,1,1,1,3,-0.840610612
2,1.5,1,1,1,3,-1.571436057
3,1.5,1,1,1,3,-2.558994896
4,1.5,1,1,1,3,-3.965222572
5,1.5,1,1,1,3,-5.747615002
1,1.5,1,0.5,0.5,5,3.271737876
2,1.5,1,0.5,0.5,5,5.755786568
3,1.5,1,0.5,0.5,5,7.935952365
4,1.5,1,0.5,0.5,5,9.861350427
5,1.5,1,0.5,0.5,5,11.56635725
1,1.5,1,0.5,0.75,5,2.605142578
2,1.5,1,0.5,0.75,5,4.484075521
3,1.5,1,0.5,0.75,5,6.058673367
4,1.5,1,0.5,0.75,5,7.304497586
5,1.5,1,0.5,0.75,5,8.260272624
1,1.5,1,0.5,1,5,2.257784004
2,1.5,1,0.5,1,5,3.547402051
3,1.5,1,0.5,1,5,4.552278466
4,1.5,1,0.5,1,5,5.248553428
5,1.5,1,0.5,1,5,5.596832296
1,1.5,1,0.75,0.75,5,2.677472757
2,1.5,1,0.75,0.75,5,4.677915437
3,1.5,1,0.75,0.75,5,6.287107655
4,1.5,1,0.75,0.75,5,7.558499286
5,1.5,1,0.75,0.75,5,8.53307231
1,1.5,1,0.75,1,5,2.158642493
2,1.5,1,0.75,1,5,3.562262364
3,1.5,1,0.75,1,5,4.618130432
4,1.5,1,0.75,1,5,5.267568736
5,1.5,1,0.75,1,5,5.556819574
1,1.5,1,1,1,5,2.12484188
2,1.5,1,1,1,5,3.607263098
3,1.5,1,1,1,5,4.628810978
4,1.5,1,1,1,5,5.222597002
5,1.5,1,1,1,5,5.442011501
